url,location,seoStatus,aeoStatus,geoStatus,notes
https://www.theeduassist.com/locations/city/dubai/,Dubai,Pass,Pass,Pass,No keyword stuffing direct answers present
https://www.theeduassist.com/locations/city/abu-dhabi/,Abu Dhabi,Pass,Pass,Pass,No keyword stuffing direct answers present
https://www.theeduassist.com/locations/city/riyadh/,Riyadh,Pass,Pass,Pass,No keyword stuffing direct answers present
https://www.theeduassist.com/locations/city/jeddah/,Jeddah,Pass,Pass,Pass,No keyword stuffing direct answers present
https://www.theeduassist.com/locations/city/doha/,Doha,Pass,Pass,Pass,No keyword stuffing direct answers present
https://www.theeduassist.com/locations/city/singapore/,Singapore,Pass,Pass,Pass,No keyword stuffing direct answers present
https://www.theeduassist.com/locations/city/sydney/,Sydney,Pass,Pass,Pass,No keyword stuffing direct answers present
https://www.theeduassist.com/locations/city/melbourne/,Melbourne,Pass,Pass,Pass,No keyword stuffing direct answers present
https://www.theeduassist.com/locations/city/auckland/,Auckland,Pass,Pass,Pass,No keyword stuffing direct answers present
https://www.theeduassist.com/locations/city/lahore/,Lahore,Pass,Pass,Pass,No keyword stuffing direct answers present
https://www.theeduassist.com/locations/city/karachi/,Karachi,Pass,Pass,Pass,No keyword stuffing direct answers present
https://www.theeduassist.com/locations/city/islamabad/,Islamabad,Pass,Pass,Pass,No keyword stuffing direct answers present
https://www.theeduassist.com/locations/city/mumbai/,Mumbai,Pass,Pass,Pass,No keyword stuffing direct answers present
https://www.theeduassist.com/locations/city/bengaluru/,Bengaluru,Pass,Pass,Pass,No keyword stuffing direct answers present
https://www.theeduassist.com/locations/city/delhi/,Delhi,Pass,Pass,Pass,No keyword stuffing direct answers present
https://www.theeduassist.com/locations/city/cape-town/,Cape Town,Pass,Pass,Pass,No keyword stuffing direct answers present
https://www.theeduassist.com/locations/city/johannesburg/,Johannesburg,Pass,Pass,Pass,No keyword stuffing direct answers present
